ticker,asset_type,size_metric_name,size_metric,price,ttm_dividends,dividend_yield,beta_1y,realized_vol_1y,total_return_3y,max_drawdown_3y,selected_expiration,selected_dte,selected_strike,selected_call_bid,selected_call_ask,selected_call_mid,selected_call_open_interest,selected_call_volume,expiration_total_call_open_interest,selected_call_otm_pct,selected_call_spread_pct,selected_call_yield,annualized_call_yield,metrics_signature,as_of_date,error
NVDA,EQUITY,marketCap,4870476660736.0,201.66,0.04,0.0001983536645839,1.7442229273307763,0.3415453783194314,6.622448979591836,0.3688683664592117,2026-05-15,28,220.0,1.55,1.56,1.5550000000000002,29377.0,8804.0,261692.0,0.0909451552117426,0.0064308681672025,0.0077109987107011,0.1005183760502118,"{""benchmark"":""SPY"",""history_period"":""4y"",""market_data_source"":""ibkr"",""max_otm_pct"":0.15,""min_otm_pct"":0.05,""option_dte_max"":56,""option_dte_min"":25,""option_monthly_only"":true,""option_target_dte"":35,""preferred_otm_pct"":0.08}",2026-04-17,
GOOGL,EQUITY,marketCap,4110318829568.0,341.87,0.84,0.0024570743264983,1.1787611204530384,0.2866340016905822,2.1820720469142696,0.2988661692024421,2026-05-15,28,370.0,4.2,4.35,4.275,9500.0,2100.0,103871.0,0.0822827390528564,0.0350877192982454,0.0125047532687863,0.163008390825251,"{""benchmark"":""SPY"",""history_period"":""4y"",""market_data_source"":""ibkr"",""max_otm_pct"":0.15,""min_otm_pct"":0.05,""option_dte_max"":56,""option_dte_min"":25,""option_monthly_only"":true,""option_target_dte"":35,""preferred_otm_pct"":0.08}",2026-04-17,
GOOG,EQUITY,marketCap,4082132844544.0,339.45,0.84,0.0024745912505523,1.1495678040835196,0.2803147617558124,2.1380903965246327,0.2943045592412497,2026-05-15,28,365.0,4.4,4.55,4.475,12308.0,4237.0,48948.0,0.075268817204301,0.0335195530726255,0.0131830902931212,0.1718509984639016,"{""benchmark"":""SPY"",""history_period"":""4y"",""market_data_source"":""ibkr"",""max_otm_pct"":0.15,""min_otm_pct"":0.05,""option_dte_max"":56,""option_dte_min"":25,""option_monthly_only"":true,""option_target_dte"":35,""preferred_otm_pct"":0.08}",2026-04-17,
AAPL,EQUITY,marketCap,3976891465728.0,270.2,1.04,0.0038490007401924,0.994726380090364,0.2356966192855592,0.6322179270355159,0.3343371168249556,2026-05-15,28,290.0,1.98,2.04,2.01,17741.0,6812.0,189529.0,0.0732790525536639,0.0298507462686567,0.0074389341228719,0.0969718198160093,"{""benchmark"":""SPY"",""history_period"":""4y"",""market_data_source"":""ibkr"",""max_otm_pct"":0.15,""min_otm_pct"":0.05,""option_dte_max"":56,""option_dte_min"":25,""option_monthly_only"":true,""option_target_dte"":35,""preferred_otm_pct"":0.08}",2026-04-17,
MSFT,EQUITY,marketCap,3159392256000.0,422.72,3.48,0.008232399697199,0.959308480144109,0.2448908701571727,0.4581493237648359,0.341837770029701,2026-05-15,28,455.0,6.1,6.75,6.425,1521.0,688.0,157673.0,0.0763626040878122,0.1011673151750973,0.0151991862225586,0.1981322489726397,"{""benchmark"":""SPY"",""history_period"":""4y"",""market_data_source"":""ibkr"",""max_otm_pct"":0.15,""min_otm_pct"":0.05,""option_dte_max"":56,""option_dte_min"":25,""option_monthly_only"":true,""option_target_dte"":35,""preferred_otm_pct"":0.08}",2026-04-17,
AMZN,EQUITY,marketCap,2730612228096.0,250.56,,,1.519224990808839,0.3138818659534811,1.4465820312499995,0.3087664215483765,2026-05-15,28,270.0,,,4.45,15311.0,0.0,42580.0,0.0775862068965518,,0.0177602171136653,0.2315171159459952,"{""benchmark"":""SPY"",""history_period"":""4y"",""market_data_source"":""ibkr"",""max_otm_pct"":0.15,""min_otm_pct"":0.05,""option_dte_max"":56,""option_dte_min"":25,""option_monthly_only"":true,""option_target_dte"":35,""preferred_otm_pct"":0.08}",2026-04-17,
AVGO,EQUITY,marketCap,1912369053696.0,406.64,2.48,0.0060987605744638,1.8995964980270876,0.427256990965945,5.512976610060878,0.41484,2026-05-15,28,440.0,6.9,7.15,7.025,4603.0,659.0,17625.0,0.0820381664371434,0.0355871886120996,0.0172757229982293,0.2252013890840617,"{""benchmark"":""SPY"",""history_period"":""4y"",""market_data_source"":""ibkr"",""max_otm_pct"":0.15,""min_otm_pct"":0.05,""option_dte_max"":56,""option_dte_min"":25,""option_monthly_only"":true,""option_target_dte"":35,""preferred_otm_pct"":0.08}",2026-04-17,
META,EQUITY,marketCap,1734554157056.0,688.16,2.1,0.0030516159032783,1.6396305310986878,0.355887766590149,2.12480145223508,0.3420934746901597,2026-05-15,28,745.0,12.0,12.25,12.125,1010.0,85.0,6565.0,0.0825970704487328,0.0206185567010309,0.0176194489653568,0.2296821025841166,"{""benchmark"":""SPY"",""history_period"":""4y"",""market_data_source"":""ibkr"",""max_otm_pct"":0.15,""min_otm_pct"":0.05,""option_dte_max"":56,""option_dte_min"":25,""option_monthly_only"":true,""option_target_dte"":35,""preferred_otm_pct"":0.08}",2026-04-17,
TSLA,EQUITY,marketCap,1508027400192.0,400.97,,,2.10451092574207,0.4898659505345237,1.1550295857988164,0.5376568165715,2026-05-15,28,435.0,9.0,9.1,9.05,6283.0,1946.0,23755.0,0.0848691922088933,0.011049723756906,0.0225702671022769,0.2942195532975392,"{""benchmark"":""SPY"",""history_period"":""4y"",""market_data_source"":""ibkr"",""max_otm_pct"":0.15,""min_otm_pct"":0.05,""option_dte_max"":56,""option_dte_min"":25,""option_monthly_only"":true,""option_target_dte"":35,""preferred_otm_pct"":0.08}",2026-04-17,
WMT,EQUITY,marketCap,1008229875712.0,127.23,0.9525,0.0074864418769158,0.1658680086191125,0.2187103685593429,1.5586995785671285,0.2214183722037124,2026-05-15,28,135.0,0.85,0.92,0.885,12501.0,1129.0,18502.0,0.0610705022400377,0.0790960451977401,0.0069559066257958,0.090675211371981,"{""benchmark"":""SPY"",""history_period"":""4y"",""market_data_source"":""ibkr"",""max_otm_pct"":0.15,""min_otm_pct"":0.05,""option_dte_max"":56,""option_dte_min"":25,""option_monthly_only"":true,""option_target_dte"":35,""preferred_otm_pct"":0.08}",2026-04-17,
JPM,EQUITY,marketCap,840934686720.0,310.39,5.9,0.0190083443409903,0.9960301036283458,0.2121807337324059,1.4055353128149468,0.2488658689051616,2026-05-15,28,335.0,0.81,0.97,0.89,1814.0,296.0,8525.0,0.0792873481748768,0.1797752808988763,0.0028673604175392,0.0373780911572077,"{""benchmark"":""SPY"",""history_period"":""4y"",""market_data_source"":""ibkr"",""max_otm_pct"":0.15,""min_otm_pct"":0.05,""option_dte_max"":56,""option_dte_min"":25,""option_monthly_only"":true,""option_target_dte"":35,""preferred_otm_pct"":0.08}",2026-04-17,
LLY,EQUITY,marketCap,823605198848.0,927.625,6.23,0.006716076000539,0.6570660172278834,0.4148648170885202,1.4710915633746504,0.3482948271911001,2026-05-15,28,1000.0,18.45,20.4,19.424999999999997,1370.0,92.0,2127.0,0.0780218299420563,0.1003861003861003,0.0209405740466244,0.27297534025064,"{""benchmark"":""SPY"",""history_period"":""4y"",""market_data_source"":""ibkr"",""max_otm_pct"":0.15,""min_otm_pct"":0.05,""option_dte_max"":56,""option_dte_min"":25,""option_monthly_only"":true,""option_target_dte"":35,""preferred_otm_pct"":0.08}",2026-04-17,
V,EQUITY,marketCap,611034333184.0,317.02,2.52,0.0079490252980884,0.7169798968308932,0.2083644779659872,0.3624135115389573,0.2083790951220165,2026-05-15,28,340.0,1.55,1.65,1.6,4553.0,9923.0,7963.0,0.0724875402182827,0.0624999999999999,0.0050470001892625,0.0657912524671719,"{""benchmark"":""SPY"",""history_period"":""4y"",""market_data_source"":""ibkr"",""max_otm_pct"":0.15,""min_otm_pct"":0.05,""option_dte_max"":56,""option_dte_min"":25,""option_monthly_only"":true,""option_target_dte"":35,""preferred_otm_pct"":0.08}",2026-04-17,
XOM,EQUITY,marketCap,605195075584.0,146.35,4.04,0.0276050563717116,-0.0621714997561058,0.2341327538676523,0.2649218277619418,0.2029193586982531,2026-05-15,28,160.0,1.28,1.37,1.3250000000000002,5644.0,4075.0,29380.0,0.0932695592757089,0.0679245283018868,0.0090536385377519,0.1180206452242667,"{""benchmark"":""SPY"",""history_period"":""4y"",""market_data_source"":""ibkr"",""max_otm_pct"":0.15,""min_otm_pct"":0.05,""option_dte_max"":56,""option_dte_min"":25,""option_monthly_only"":true,""option_target_dte"":35,""preferred_otm_pct"":0.08}",2026-04-17,
JNJ,EQUITY,marketCap,566025060352.0,234.18,5.2,0.022205141344265,0.0281950488194419,0.1660846338941166,0.4097886942387574,0.1858092618065107,2026-05-15,28,250.0,0.8,1.0,0.9,2908.0,247.0,8631.0,0.0675548723204373,0.2222222222222221,0.0038431975403535,0.050098825079609,"{""benchmark"":""SPY"",""history_period"":""4y"",""market_data_source"":""ibkr"",""max_otm_pct"":0.15,""min_otm_pct"":0.05,""option_dte_max"":56,""option_dte_min"":25,""option_monthly_only"":true,""option_target_dte"":35,""preferred_otm_pct"":0.08}",2026-04-17,
MU,EQUITY,marketCap,517359271936.0,454.7,0.495,0.0010886298658456,2.3695239030912516,0.5888427908420292,6.223333333333334,0.5782339524275009,2026-05-15,28,490.0,21.4,21.8,21.6,3224.0,409.0,14974.0,0.0776336045744447,0.0185185185185186,0.0475038486914449,0.6192465990134783,"{""benchmark"":""SPY"",""history_period"":""4y"",""market_data_source"":""ibkr"",""max_otm_pct"":0.15,""min_otm_pct"":0.05,""option_dte_max"":56,""option_dte_min"":25,""option_monthly_only"":true,""option_target_dte"":35,""preferred_otm_pct"":0.08}",2026-04-17,
ORCL,EQUITY,marketCap,506543931392.0,175.05,2.0,0.0114253070551271,1.62994102948509,0.6164625410896318,0.8321297749869179,0.5843206530015533,2026-05-15,28,190.0,4.7,4.85,4.775,19510.0,3931.0,42078.0,0.0854041702370751,0.0314136125654449,0.0272779205941159,0.3555871791732974,"{""benchmark"":""SPY"",""history_period"":""4y"",""market_data_source"":""ibkr"",""max_otm_pct"":0.15,""min_otm_pct"":0.05,""option_dte_max"":56,""option_dte_min"":25,""option_monthly_only"":true,""option_target_dte"":35,""preferred_otm_pct"":0.08}",2026-04-17,
MA,EQUITY,marketCap,467101908992.0,521.3,3.26,0.0062535967772875,0.709590698023401,0.2143697195761678,0.4102529419721357,0.191531988780553,2026-05-15,28,565.0,2.1,3.1,2.6,57.0,1.0,1125.0,0.0838288893151737,0.3846153846153846,0.0049875311720698,0.0650160313501959,"{""benchmark"":""SPY"",""history_period"":""4y"",""market_data_source"":""ibkr"",""max_otm_pct"":0.15,""min_otm_pct"":0.05,""option_dte_max"":56,""option_dte_min"":25,""option_monthly_only"":true,""option_target_dte"":35,""preferred_otm_pct"":0.08}",2026-04-17,
AMD,EQUITY,marketCap,454900940800.0,277.99,,,2.099835664391827,0.5806544820994515,2.023020957758714,0.6300028384899234,2026-05-15,28,300.0,9.65,9.95,9.8,10299.0,2116.0,17953.0,0.0791755099104283,0.030612244897959,0.035253066657074,0.4595489046368574,"{""benchmark"":""SPY"",""history_period"":""4y"",""market_data_source"":""ibkr"",""max_otm_pct"":0.15,""min_otm_pct"":0.05,""option_dte_max"":56,""option_dte_min"":25,""option_monthly_only"":true,""option_target_dte"":35,""preferred_otm_pct"":0.08}",2026-04-17,
COST,EQUITY,marketCap,440631394304.0,999.8,5.2,0.0052010402080416,0.2110217260283894,0.1885353726080988,1.008254835405411,0.210668053414557,2026-05-15,28,1080.0,1.6,2.19,1.895,299.0,15.0,1066.0,0.0802160432086418,0.3113456464379946,0.0018953790758151,0.0247076200954476,"{""benchmark"":""SPY"",""history_period"":""4y"",""market_data_source"":""ibkr"",""max_otm_pct"":0.15,""min_otm_pct"":0.05,""option_dte_max"":56,""option_dte_min"":25,""option_monthly_only"":true,""option_target_dte"":35,""preferred_otm_pct"":0.08}",2026-04-17,
NFLX,EQUITY,marketCap,411208777728.0,97.25,,,0.4508412032085611,0.3366278820455846,1.8108030040439056,0.4335001120155328,2026-05-15,28,105.0,0.92,0.94,0.93,40668.0,16335.0,44403.0,0.0796915167095115,0.0215053763440859,0.0095629820051413,0.1246603011384502,"{""benchmark"":""SPY"",""history_period"":""4y"",""market_data_source"":""ibkr"",""max_otm_pct"":0.15,""min_otm_pct"":0.05,""option_dte_max"":56,""option_dte_min"":25,""option_monthly_only"":true,""option_target_dte"":35,""preferred_otm_pct"":0.08}",2026-04-17,
BAC,EQUITY,marketCap,386868674560.0,53.91,1.1,0.0204043776664811,1.005558881176158,0.2183338374583903,0.8876050420168067,0.2800921080175843,2026-05-15,28,57.5,0.24,0.27,0.255,20668.0,1111.0,30071.0,0.0665924689296977,0.1176470588235295,0.0047301057317751,0.0616603068606407,"{""benchmark"":""SPY"",""history_period"":""4y"",""market_data_source"":""ibkr"",""max_otm_pct"":0.15,""min_otm_pct"":0.05,""option_dte_max"":56,""option_dte_min"":25,""option_monthly_only"":true,""option_target_dte"":35,""preferred_otm_pct"":0.08}",2026-04-17,
CAT,EQUITY,marketCap,372154531840.0,794.65,5.94,0.007474988988863,1.4779542576373832,0.3195776396311457,2.584833310777282,0.3428804452120514,2026-05-15,28,860.0,12.25,13.8,13.025,192.0,35.0,1067.0,0.0822374630340401,0.1190019193857966,0.0163908639023469,0.2136666187270226,"{""benchmark"":""SPY"",""history_period"":""4y"",""market_data_source"":""ibkr"",""max_otm_pct"":0.15,""min_otm_pct"":0.05,""option_dte_max"":56,""option_dte_min"":25,""option_monthly_only"":true,""option_target_dte"":35,""preferred_otm_pct"":0.08}",2026-04-17,
ABBV,EQUITY,marketCap,371068633088.0,208.615,6.74,0.0323083191525058,0.4058586072517622,0.2534033948861887,0.2808408629909644,0.2146219883688729,2026-05-15,28,230.0,1.03,1.3,1.165,3130.0,668.0,7442.0,0.1025094072813554,0.2317596566523605,0.0055844498238381,0.0727972923464618,"{""benchmark"":""SPY"",""history_period"":""4y"",""market_data_source"":""ibkr"",""max_otm_pct"":0.15,""min_otm_pct"":0.05,""option_dte_max"":56,""option_dte_min"":25,""option_monthly_only"":true,""option_target_dte"":35,""preferred_otm_pct"":0.08}",2026-04-17,
CVX,EQUITY,marketCap,363969708032.0,183.78,6.91,0.0375993035150723,0.0604607348410237,0.2187452457632309,0.069149863443547,0.2244838784504755,2026-05-15,28,200.0,1.33,1.43,1.38,10443.0,2408.0,18931.0,0.0882576994232233,0.0724637681159419,0.0075089781260202,0.0978848934284781,"{""benchmark"":""SPY"",""history_period"":""4y"",""market_data_source"":""ibkr"",""max_otm_pct"":0.15,""min_otm_pct"":0.05,""option_dte_max"":56,""option_dte_min"":25,""option_monthly_only"":true,""option_target_dte"":35,""preferred_otm_pct"":0.08}",2026-04-17,
PLTR,EQUITY,marketCap,352078594048.0,146.5,,,1.9105357144595596,0.5316949869245727,16.06177156177156,0.4061145883485796,2026-05-15,28,160.0,4.8,4.95,4.875,12432.0,3274.0,32827.0,0.0921501706484642,0.0307692307692308,0.0332764505119453,0.4337823013164311,"{""benchmark"":""SPY"",""history_period"":""4y"",""market_data_source"":""ibkr"",""max_otm_pct"":0.15,""min_otm_pct"":0.05,""option_dte_max"":56,""option_dte_min"":25,""option_monthly_only"":true,""option_target_dte"":35,""preferred_otm_pct"":0.08}",2026-04-17,
HD,EQUITY,marketCap,347862663168.0,349.45,9.23,0.0264129346115324,0.8194010252105459,0.2306354252187259,0.1959609789491698,0.2610288151702715,2026-05-15,28,375.0,1.89,2.29,2.09,556.0,80.0,2170.0,0.0731148948347404,0.1913875598086125,0.0059808270138789,0.0779643521452077,"{""benchmark"":""SPY"",""history_period"":""4y"",""market_data_source"":""ibkr"",""max_otm_pct"":0.15,""min_otm_pct"":0.05,""option_dte_max"":56,""option_dte_min"":25,""option_monthly_only"":true,""option_target_dte"":35,""preferred_otm_pct"":0.08}",2026-04-17,
INTC,EQUITY,marketCap,344090345472.0,68.49,,,1.9689803538780937,0.6364563267098435,1.1319638966697787,0.642828999211978,2026-05-15,28,75.0,3.25,3.35,3.3,,3770.0,13476.0,0.0950503723171267,0.0303030303030303,0.0481822163819535,0.628089606407609,"{""benchmark"":""SPY"",""history_period"":""4y"",""market_data_source"":""ibkr"",""max_otm_pct"":0.15,""min_otm_pct"":0.05,""option_dte_max"":56,""option_dte_min"":25,""option_monthly_only"":true,""option_target_dte"":35,""preferred_otm_pct"":0.08}",2026-04-17,
PG,EQUITY,marketCap,343628316672.0,147.0,4.2272,0.028756462585034,0.087358431255423,0.1810415507817191,-0.031890360413784,0.2318308291597106,2026-05-15,28,160.0,0.35,0.43,0.39,8100.0,276.0,8100.0,0.0884353741496599,0.2051282051282051,0.0026530612244897,0.0345845481049562,"{""benchmark"":""SPY"",""history_period"":""4y"",""market_data_source"":""ibkr"",""max_otm_pct"":0.15,""min_otm_pct"":0.05,""option_dte_max"":56,""option_dte_min"":25,""option_monthly_only"":true,""option_target_dte"":35,""preferred_otm_pct"":0.08}",2026-04-17,
CSCO,EQUITY,marketCap,340050968576.0,86.25,1.65,0.0191304347826086,0.9053043147857036,0.2525850542955811,0.6978346456692914,0.2264868603042876,2026-05-15,28,95.0,0.42,0.57,0.495,3301.0,2235.0,8627.0,0.1014492753623188,0.303030303030303,0.0057391304347826,0.0748136645962732,"{""benchmark"":""SPY"",""history_period"":""4y"",""market_data_source"":""ibkr"",""max_otm_pct"":0.15,""min_otm_pct"":0.05,""option_dte_max"":56,""option_dte_min"":25,""option_monthly_only"":true,""option_target_dte"":35,""preferred_otm_pct"":0.08}",2026-04-17,
LRCX,EQUITY,marketCap,334618820608.0,267.48,1.01,0.0037759832510841,2.383276124310482,0.4873456885897823,4.369181380417335,0.4758271977290872,2026-05-15,28,290.0,10.7,11.1,10.9,708.0,98.0,6151.0,0.0841932107073424,0.036697247706422,0.0407507103334828,0.5312146168471874,"{""benchmark"":""SPY"",""history_period"":""4y"",""market_data_source"":""ibkr"",""max_otm_pct"":0.15,""min_otm_pct"":0.05,""option_dte_max"":56,""option_dte_min"":25,""option_monthly_only"":true,""option_target_dte"":35,""preferred_otm_pct"":0.08}",2026-04-17,
KO,EQUITY,marketCap,326200983552.0,75.79,2.06,0.0271803668030083,-0.0643208461472608,0.1591180570951685,0.1993665874901029,0.1853810264385691,2026-05-15,28,82.5,0.11,0.14,0.125,6041.0,78.0,26878.0,0.0885341074020318,0.2400000000000001,0.0016492941021242,0.0214997266884059,"{""benchmark"":""SPY"",""history_period"":""4y"",""market_data_source"":""ibkr"",""max_otm_pct"":0.15,""min_otm_pct"":0.05,""option_dte_max"":56,""option_dte_min"":25,""option_monthly_only"":true,""option_target_dte"":35,""preferred_otm_pct"":0.08}",2026-04-17,
GE,EQUITY,marketCap,323933339648.0,304.26,1.55,0.0050943272201406,1.1782038432678972,0.2947109970873619,3.0442819148936167,0.2136425776646395,2026-05-15,28,330.0,3.75,4.5,4.125,1347.0,101.0,4290.0,0.0845986984815618,0.1818181818181818,0.0135574837310195,0.1767314843507902,"{""benchmark"":""SPY"",""history_period"":""4y"",""market_data_source"":""ibkr"",""max_otm_pct"":0.15,""min_otm_pct"":0.05,""option_dte_max"":56,""option_dte_min"":25,""option_monthly_only"":true,""option_target_dte"":35,""preferred_otm_pct"":0.08}",2026-04-17,
AMAT,EQUITY,marketCap,310222094336.0,396.5,1.84,0.004640605296343,1.999178651160636,0.4481172089762349,2.4981933550718254,0.5020982860728713,2026-05-15,28,430.0,12.1,13.0,12.55,1600.0,399.0,2942.0,0.0844892812105926,0.0717131474103585,0.0316519546027742,0.4126058367861647,"{""benchmark"":""SPY"",""history_period"":""4y"",""market_data_source"":""ibkr"",""max_otm_pct"":0.15,""min_otm_pct"":0.05,""option_dte_max"":56,""option_dte_min"":25,""option_monthly_only"":true,""option_target_dte"":35,""preferred_otm_pct"":0.08}",2026-04-17,
MS,EQUITY,marketCap,301225017344.0,188.82,3.925,0.0207869929032941,1.361980935226192,0.2583507022110033,1.2035243318940363,0.2923872979869578,2026-05-15,28,200.0,1.34,1.66,1.5,2812.0,861.0,4084.0,0.0592098294672174,0.2133333333333332,0.0079440737210041,0.1035566752916609,"{""benchmark"":""SPY"",""history_period"":""4y"",""market_data_source"":""ibkr"",""max_otm_pct"":0.15,""min_otm_pct"":0.05,""option_dte_max"":56,""option_dte_min"":25,""option_monthly_only"":true,""option_target_dte"":35,""preferred_otm_pct"":0.08}",2026-04-17,
